Class II,D1,D2,D3,D4,D5,D6,E1,E2,E3,E4,E5,E6,A1
Lable,1,1,1,1,1,1,2,2,2,2,2,2,3
1,-0.224726926,-0.232933305,-0.216764382,,-0.228455108,-0.22135167,-0.232102233,-0.233821591,-0.220241362,,-0.226100599,-0.228907622,-0.148229886
2,-0.215375462,-0.22576669,-0.209344668,-0.172230781,-0.21838975,,-0.221054592,-0.225408422,-0.20803281,-0.231524378,-0.207161419,-0.217589589,-0.250856034
3,-0.225532191,,-0.217323402,-0.183256453,-0.230653594,-0.225289593,,-0.233613215,-0.221301902,-0.243224356,-0.230998175,-0.231785088,
